{
  "os": "Windows-10-10.0.26100-SP0",
  "python": "CPython 3.11.11",
  "startedAt": "2025-05-17T01:05:32.308227Z",
  "args": [
    "-m",
    "hydra/sweeper=optuna",
    "hydra.sweeper.n_trials=1",
    "trainer.max_epochs=50",
    "hydra.sweeper.storage=sqlite:///C:\\Users\\iamad\\OneDrive\\Documents\\GitHub\\cse151b-spring2025-competition\\optuna_fresh.db",
    "hydra.sweeper.study_name=climate_optimization",
    "+MPLBACKEND=Agg",
    "data.sequence_length=12",
    "data.batch_size=4",
    "model.lstm_hidden_dim=128",
    "model.n_lstm_layers=2",
    "model.lstm_dropout=0.1",
    "model.cnn_init_dim=96",
    "model.cnn_depth=2",
    "model.cnn_dropout_rate=0.4",
    "model.cnn_kernel_size=7",
    "training.lr=5e-5",
    "++training.weight_decay=2.4e-5",
    "++trainer.callbacks.2.patience=choice(3,5,7,9)"
  ],
  "program": "C:\\Users\\iamad\\OneDrive\\Documents\\GitHub\\cse151b-spring2025-competition\\main.py",
  "codePath": "main.py",
  "git": {
    "remote": "https://github.com/SamvathnaEm/cse151b-spring2025-competition.git",
    "commit": "c47d07829e603b686a187f3b198605877301f6c5"
  },
  "email": "iamadalekchild@gmail.com",
  "root": ".",
  "host": "Avosmer-Desktop",
  "executable": "C:\\Users\\iamad\\OneDrive\\Documents\\GitHub\\cse151b-spring2025-competition\\.conda\\python.exe",
  "codePathLocal": "..\\..\\..\\..\\main.py",
  "cpu_count": 12,
  "cpu_count_logical": 24,
  "gpu": "NVIDIA GeForce RTX 4070",
  "gpu_count": 1,
  "disk": {
    "/": {
      "total": "1022844989440",
      "used": "931211698176"
    }
  },
  "memory": {
    "total": "34081234944"
  },
  "cpu": {
    "count": 12,
    "countLogical": 24
  },
  "gpu_nvidia": [
    {
      "name": "NVIDIA GeForce RTX 4070",
      "memoryTotal": "12878610432",
      "cudaCores": 5888,
      "architecture": "Ada"
    }
  ],
  "cudaVersion": "12.9"
}